{
    "providers": [
	{
		"type": "bitmap",
		"file": "hardcoresurvival:actionbar/blankspace.png",
		"ascent": 16,
		"height": 16,
		"chars": ["\uE080"]
	},
	{
		"type": "bitmap",
		"file": "hardcoresurvival:actionbar/blankspace2.png",
		"ascent": -200,
		"height": 1,
		"chars": ["\uE081"]
	},


	{
		"type": "bitmap",
		"file": "hardcoresurvival:actionbar/thirst/emptydrop.png",
		"ascent": -16,
		"height": 9,
		"chars": ["\uE190"]
	},
	{
		"type": "bitmap",
		"file": "hardcoresurvival:actionbar/thirst/halfdrop.png",
		"ascent": -16,
		"height": 9,
		"chars": ["\uE191"]
	},
	{
		"type": "bitmap",
		"file": "hardcoresurvival:actionbar/thirst/fulldrop.png",
		"ascent": -16,
		"height": 9,
		"chars": ["\uE192"]
	},

	{
		"type": "bitmap",
		"file": "hardcoresurvival:actionbar/thirst/parasites_halfdrop.png",
		"ascent": -16,
		"height": 9,
		"chars": ["\uE193"]
	},
	{
		"type": "bitmap",
		"file": "hardcoresurvival:actionbar/thirst/parasites_fulldrop.png",
		"ascent": -16,
		"height": 9,
		"chars": ["\uE194"]
	},


	{
		"type": "bitmap",
		"file": "hardcoresurvival:actionbar/thirst/emptydrop.png",
		"ascent": -6,
		"height": 9,
		"chars": ["\uE1A0"]
	},
	{
		"type": "bitmap",
		"file": "hardcoresurvival:actionbar/thirst/halfdrop.png",
		"ascent": -6,
		"height": 9,
		"chars": ["\uE1A1"]
	},
	{
		"type": "bitmap",
		"file": "hardcoresurvival:actionbar/thirst/fulldrop.png",
		"ascent": -6,
		"height": 9,
		"chars": ["\uE1A2"]
	},
	{
		"type": "bitmap",
		"file": "hardcoresurvival:actionbar/thirst/parasites_halfdrop.png",
		"ascent": -6,
		"height": 9,
		"chars": ["\uE1A3"]
	},
	{
		"type": "bitmap",
		"file": "hardcoresurvival:actionbar/thirst/parasites_fulldrop.png",
		"ascent": -6,
		"height": 9,
		"chars": ["\uE1A4"]
	}

    ]
}
